,Time,DriverNumber,LapTime,LapNumber,PitOutTime,PitInTime,Sector1Time,Sector2Time,Sector3Time,Sector1SessionTime,Sector2SessionTime,Sector3SessionTime,SpeedI1,SpeedI2,SpeedFL,SpeedST,IsPersonalBest,Compound,TyreLife,FreshTyre,Stint,LapStartTime,Team,Driver,TrackStatus,IsAccurate,LapStartDate
931,0 days 00:34:28.942000,14,,1.0,0 days 00:00:04.827000,,,0 days 00:00:40.768000,0 days 00:00:22.291000,,0 days 00:34:06.669000,0 days 00:34:29.077000,154.0,175.0,256.0,278.0,False,MEDIUM,1.0,True,1,0 days 00:32:54.677000,Alpine,ALO,1,False,2021-05-23 13:02:55.440
932,0 days 00:35:50.440000,14,0 days 00:01:21.498000,2.0,,,0 days 00:00:21.806000,0 days 00:00:38.050000,0 days 00:00:21.642000,0 days 00:34:50.748000,0 days 00:35:28.798000,0 days 00:35:50.440000,183.0,177.0,257.0,283.0,False,MEDIUM,2.0,True,1,0 days 00:34:28.942000,Alpine,ALO,1,True,2021-05-23 13:04:29.705
933,0 days 00:37:10.988000,14,0 days 00:01:20.548000,3.0,,,0 days 00:00:21.314000,0 days 00:00:37.404000,0 days 00:00:21.830000,0 days 00:36:11.754000,0 days 00:36:49.158000,0 days 00:37:10.988000,186.0,178.0,255.0,281.0,False,MEDIUM,3.0,True,1,0 days 00:35:50.440000,Alpine,ALO,1,True,2021-05-23 13:05:51.203
934,0 days 00:38:31.109000,14,0 days 00:01:20.121000,4.0,,,0 days 00:00:21.429000,0 days 00:00:37.291000,0 days 00:00:21.401000,0 days 00:37:32.417000,0 days 00:38:09.708000,0 days 00:38:31.109000,180.0,182.0,253.0,280.0,False,MEDIUM,4.0,True,1,0 days 00:37:10.988000,Alpine,ALO,1,True,2021-05-23 13:07:11.751
935,0 days 00:39:50.866000,14,0 days 00:01:19.757000,5.0,,,0 days 00:00:21.233000,0 days 00:00:37.040000,0 days 00:00:21.484000,0 days 00:38:52.342000,0 days 00:39:29.382000,0 days 00:39:50.866000,191.0,180.0,254.0,280.0,False,MEDIUM,5.0,True,1,0 days 00:38:31.109000,Alpine,ALO,1,True,2021-05-23 13:08:31.872
936,0 days 00:41:09.691000,14,0 days 00:01:18.825000,6.0,,,0 days 00:00:20.940000,0 days 00:00:36.657000,0 days 00:00:21.228000,0 days 00:40:11.806000,0 days 00:40:48.463000,0 days 00:41:09.691000,189.0,183.0,254.0,280.0,False,MEDIUM,6.0,True,1,0 days 00:39:50.866000,Alpine,ALO,1,True,2021-05-23 13:09:51.629
937,0 days 00:42:28.429000,14,0 days 00:01:18.738000,7.0,,,0 days 00:00:20.857000,0 days 00:00:36.767000,0 days 00:00:21.114000,0 days 00:41:30.548000,0 days 00:42:07.315000,0 days 00:42:28.429000,191.0,184.0,253.0,279.0,False,MEDIUM,7.0,True,1,0 days 00:41:09.691000,Alpine,ALO,1,True,2021-05-23 13:11:10.454
938,0 days 00:43:46.683000,14,0 days 00:01:18.254000,8.0,,,0 days 00:00:20.895000,0 days 00:00:36.403000,0 days 00:00:20.956000,0 days 00:42:49.324000,0 days 00:43:25.727000,0 days 00:43:46.683000,195.0,186.0,252.0,279.0,False,MEDIUM,8.0,True,1,0 days 00:42:28.429000,Alpine,ALO,1,True,2021-05-23 13:12:29.192
939,0 days 00:45:05.587000,14,0 days 00:01:18.904000,9.0,,,0 days 00:00:21.087000,0 days 00:00:36.696000,0 days 00:00:21.121000,0 days 00:44:07.770000,0 days 00:44:44.466000,0 days 00:45:05.587000,186.0,185.0,254.0,279.0,False,MEDIUM,9.0,True,1,0 days 00:43:46.683000,Alpine,ALO,1,True,2021-05-23 13:13:47.446
940,0 days 00:46:23.734000,14,0 days 00:01:18.147000,10.0,,,0 days 00:00:20.623000,0 days 00:00:36.424000,0 days 00:00:21.100000,0 days 00:45:26.210000,0 days 00:46:02.634000,0 days 00:46:23.734000,192.0,185.0,255.0,279.0,False,MEDIUM,10.0,True,1,0 days 00:45:05.587000,Alpine,ALO,1,True,2021-05-23 13:15:06.350
941,0 days 00:47:42.512000,14,0 days 00:01:18.778000,11.0,,,0 days 00:00:20.896000,0 days 00:00:36.597000,0 days 00:00:21.285000,0 days 00:46:44.630000,0 days 00:47:21.227000,0 days 00:47:42.512000,194.0,185.0,254.0,280.0,False,MEDIUM,11.0,True,1,0 days 00:46:23.734000,Alpine,ALO,1,True,2021-05-23 13:16:24.497
942,0 days 00:49:00.926000,14,0 days 00:01:18.414000,12.0,,,0 days 00:00:20.891000,0 days 00:00:36.529000,0 days 00:00:20.994000,0 days 00:48:03.403000,0 days 00:48:39.932000,0 days 00:49:00.926000,198.0,186.0,254.0,278.0,False,MEDIUM,12.0,True,1,0 days 00:47:42.512000,Alpine,ALO,1,True,2021-05-23 13:17:43.275
943,0 days 00:50:18.733000,14,0 days 00:01:17.807000,13.0,,,0 days 00:00:20.558000,0 days 00:00:36.307000,0 days 00:00:20.942000,0 days 00:49:21.484000,0 days 00:49:57.791000,0 days 00:50:18.733000,,185.0,254.0,278.0,False,MEDIUM,13.0,True,1,0 days 00:49:00.926000,Alpine,ALO,1,True,2021-05-23 13:19:01.689
944,0 days 00:51:36.262000,14,0 days 00:01:17.529000,14.0,,,0 days 00:00:20.512000,0 days 00:00:36.080000,0 days 00:00:20.937000,0 days 00:50:39.245000,0 days 00:51:15.325000,0 days 00:51:36.262000,197.0,187.0,253.0,277.0,False,MEDIUM,14.0,True,1,0 days 00:50:18.733000,Alpine,ALO,1,True,2021-05-23 13:20:19.496
945,0 days 00:52:54.065000,14,0 days 00:01:17.803000,15.0,,,0 days 00:00:20.594000,0 days 00:00:36.372000,0 days 00:00:20.837000,0 days 00:51:56.856000,0 days 00:52:33.228000,0 days 00:52:54.065000,,188.0,253.0,278.0,False,MEDIUM,15.0,True,1,0 days 00:51:36.262000,Alpine,ALO,1,True,2021-05-23 13:21:37.025
946,0 days 00:54:11.905000,14,0 days 00:01:17.840000,16.0,,,0 days 00:00:20.698000,0 days 00:00:36.217000,0 days 00:00:20.925000,0 days 00:53:14.763000,0 days 00:53:50.980000,0 days 00:54:11.905000,199.0,190.0,254.0,277.0,False,MEDIUM,16.0,True,1,0 days 00:52:54.065000,Alpine,ALO,1,True,2021-05-23 13:22:54.828
947,0 days 00:55:29.319000,14,0 days 00:01:17.414000,17.0,,,0 days 00:00:20.562000,0 days 00:00:35.992000,0 days 00:00:20.860000,0 days 00:54:32.467000,0 days 00:55:08.459000,0 days 00:55:29.319000,200.0,190.0,254.0,277.0,False,MEDIUM,17.0,True,1,0 days 00:54:11.905000,Alpine,ALO,1,True,2021-05-23 13:24:12.668
948,0 days 00:56:46.955000,14,0 days 00:01:17.636000,18.0,,,0 days 00:00:20.578000,0 days 00:00:36.156000,0 days 00:00:20.902000,0 days 00:55:49.897000,0 days 00:56:26.053000,0 days 00:56:46.955000,201.0,191.0,253.0,276.0,False,MEDIUM,18.0,True,1,0 days 00:55:29.319000,Alpine,ALO,1,True,2021-05-23 13:25:30.082
949,0 days 00:58:04.765000,14,0 days 00:01:17.810000,19.0,,,0 days 00:00:20.593000,0 days 00:00:36.146000,0 days 00:00:21.071000,0 days 00:57:07.548000,0 days 00:57:43.694000,0 days 00:58:04.765000,199.0,189.0,253.0,276.0,False,MEDIUM,19.0,True,1,0 days 00:56:46.955000,Alpine,ALO,1,True,2021-05-23 13:26:47.718
950,0 days 00:59:22.413000,14,0 days 00:01:17.648000,20.0,,,0 days 00:00:20.629000,0 days 00:00:36.069000,0 days 00:00:20.950000,0 days 00:58:25.394000,0 days 00:59:01.463000,0 days 00:59:22.413000,201.0,188.0,252.0,276.0,False,MEDIUM,20.0,True,1,0 days 00:58:04.765000,Alpine,ALO,1,True,2021-05-23 13:28:05.528
951,0 days 01:00:40.236000,14,0 days 00:01:17.823000,21.0,,,0 days 00:00:20.566000,0 days 00:00:36.217000,0 days 00:00:21.040000,0 days 00:59:42.979000,0 days 01:00:19.196000,0 days 01:00:40.236000,,190.0,252.0,276.0,False,MEDIUM,21.0,True,1,0 days 00:59:22.413000,Alpine,ALO,1,True,2021-05-23 13:29:23.176
952,0 days 01:01:58.041000,14,0 days 00:01:17.805000,22.0,,,0 days 00:00:20.649000,0 days 00:00:36.171000,0 days 00:00:20.985000,0 days 01:01:00.885000,0 days 01:01:37.056000,0 days 01:01:58.041000,,188.0,252.0,275.0,False,MEDIUM,22.0,True,1,0 days 01:00:40.236000,Alpine,ALO,1,True,2021-05-23 13:30:40.999
953,0 days 01:03:15.905000,14,0 days 00:01:17.864000,23.0,,,0 days 00:00:20.635000,0 days 00:00:36.209000,0 days 00:00:21.020000,0 days 01:02:18.676000,0 days 01:02:54.885000,0 days 01:03:15.905000,204.0,187.0,252.0,275.0,False,MEDIUM,23.0,True,1,0 days 01:01:58.041000,Alpine,ALO,1,True,2021-05-23 13:31:58.804
954,0 days 01:04:33.796000,14,0 days 00:01:17.891000,24.0,,,0 days 00:00:20.699000,0 days 00:00:36.153000,0 days 00:00:21.039000,0 days 01:03:36.604000,0 days 01:04:12.757000,0 days 01:04:33.796000,205.0,189.0,251.0,275.0,False,MEDIUM,24.0,True,1,0 days 01:03:15.905000,Alpine,ALO,1,True,2021-05-23 13:33:16.668
955,0 days 01:05:51.040000,14,0 days 00:01:17.244000,25.0,,,0 days 00:00:20.403000,0 days 00:00:35.964000,0 days 00:00:20.877000,0 days 01:04:54.199000,0 days 01:05:30.163000,0 days 01:05:51.040000,206.0,190.0,253.0,275.0,False,MEDIUM,25.0,True,1,0 days 01:04:33.796000,Alpine,ALO,1,True,2021-05-23 13:34:34.559
956,0 days 01:07:08.848000,14,0 days 00:01:17.808000,26.0,,,0 days 00:00:20.572000,0 days 00:00:36.216000,0 days 00:00:21.020000,0 days 01:06:11.612000,0 days 01:06:47.828000,0 days 01:07:08.848000,202.0,182.0,253.0,275.0,False,MEDIUM,26.0,True,1,0 days 01:05:51.040000,Alpine,ALO,1,True,2021-05-23 13:35:51.803
957,0 days 01:08:26.262000,14,0 days 00:01:17.414000,27.0,,,0 days 00:00:20.422000,0 days 00:00:36.143000,0 days 00:00:20.849000,0 days 01:07:29.270000,0 days 01:08:05.413000,0 days 01:08:26.262000,201.0,191.0,253.0,275.0,False,MEDIUM,27.0,True,1,0 days 01:07:08.848000,Alpine,ALO,1,True,2021-05-23 13:37:09.611
958,0 days 01:09:43.451000,14,0 days 00:01:17.189000,28.0,,,0 days 00:00:20.382000,0 days 00:00:36.074000,0 days 00:00:20.733000,0 days 01:08:46.644000,0 days 01:09:22.718000,0 days 01:09:43.451000,205.0,191.0,252.0,275.0,False,MEDIUM,28.0,True,1,0 days 01:08:26.262000,Alpine,ALO,1,True,2021-05-23 13:38:27.025
959,0 days 01:11:00.348000,14,0 days 00:01:16.897000,29.0,,,0 days 00:00:20.200000,0 days 00:00:35.939000,0 days 00:00:20.758000,0 days 01:10:03.651000,0 days 01:10:39.590000,0 days 01:11:00.348000,203.0,190.0,253.0,276.0,False,MEDIUM,29.0,True,1,0 days 01:09:43.451000,Alpine,ALO,1,True,2021-05-23 13:39:44.214
960,0 days 01:12:17.773000,14,0 days 00:01:17.425000,30.0,,,0 days 00:00:20.471000,0 days 00:00:36.064000,0 days 00:00:20.890000,0 days 01:11:20.819000,0 days 01:11:56.883000,0 days 01:12:17.773000,205.0,188.0,254.0,276.0,False,MEDIUM,30.0,True,1,0 days 01:11:00.348000,Alpine,ALO,1,True,2021-05-23 13:41:01.111
961,0 days 01:13:35.246000,14,0 days 00:01:17.473000,31.0,,,0 days 00:00:20.464000,0 days 00:00:36.080000,0 days 00:00:20.929000,0 days 01:12:38.237000,0 days 01:13:14.317000,0 days 01:13:35.246000,201.0,189.0,254.0,276.0,False,MEDIUM,31.0,True,1,0 days 01:12:17.773000,Alpine,ALO,1,True,2021-05-23 13:42:18.536
962,0 days 01:14:53.231000,14,0 days 00:01:17.985000,32.0,,,0 days 00:00:20.412000,0 days 00:00:36.513000,0 days 00:00:21.060000,0 days 01:13:55.658000,0 days 01:14:32.171000,0 days 01:14:53.231000,204.0,187.0,252.0,275.0,False,MEDIUM,32.0,True,1,0 days 01:13:35.246000,Alpine,ALO,1,True,2021-05-23 13:43:36.009
963,0 days 01:16:10.321000,14,0 days 00:01:17.090000,33.0,,,0 days 00:00:20.273000,0 days 00:00:35.929000,0 days 00:00:20.888000,0 days 01:15:13.504000,0 days 01:15:49.433000,0 days 01:16:10.321000,206.0,189.0,253.0,277.0,False,MEDIUM,33.0,True,1,0 days 01:14:53.231000,Alpine,ALO,1,True,2021-05-23 13:44:53.994
964,0 days 01:17:29.016000,14,0 days 00:01:18.695000,34.0,,,0 days 00:00:20.835000,0 days 00:00:36.655000,0 days 00:00:21.205000,0 days 01:16:31.156000,0 days 01:17:07.811000,0 days 01:17:29.016000,198.0,185.0,253.0,279.0,False,MEDIUM,34.0,True,1,0 days 01:16:10.321000,Alpine,ALO,1,True,2021-05-23 13:46:11.084
965,0 days 01:18:46.257000,14,0 days 00:01:17.241000,35.0,,,0 days 00:00:20.380000,0 days 00:00:36.057000,0 days 00:00:20.804000,0 days 01:17:49.396000,0 days 01:18:25.453000,0 days 01:18:46.257000,204.0,191.0,254.0,278.0,False,MEDIUM,35.0,True,1,0 days 01:17:29.016000,Alpine,ALO,1,True,2021-05-23 13:47:29.779
966,0 days 01:20:03.545000,14,0 days 00:01:17.288000,36.0,,,0 days 00:00:20.242000,0 days 00:00:36.167000,0 days 00:00:20.879000,0 days 01:19:06.499000,0 days 01:19:42.666000,0 days 01:20:03.545000,207.0,191.0,254.0,277.0,False,MEDIUM,36.0,True,1,0 days 01:18:46.257000,Alpine,ALO,1,True,2021-05-23 13:48:47.020
967,0 days 01:21:20.717000,14,0 days 00:01:17.172000,37.0,,,0 days 00:00:20.314000,0 days 00:00:36.009000,0 days 00:00:20.849000,0 days 01:20:23.859000,0 days 01:20:59.868000,0 days 01:21:20.717000,,191.0,253.0,276.0,False,MEDIUM,37.0,True,1,0 days 01:20:03.545000,Alpine,ALO,1,True,2021-05-23 13:50:04.308
968,0 days 01:22:38.003000,14,0 days 00:01:17.286000,38.0,,,0 days 00:00:20.192000,0 days 00:00:36.012000,0 days 00:00:21.082000,0 days 01:21:40.909000,0 days 01:22:16.921000,0 days 01:22:38.003000,208.0,192.0,253.0,276.0,False,MEDIUM,38.0,True,1,0 days 01:21:20.717000,Alpine,ALO,1,True,2021-05-23 13:51:21.480
969,0 days 01:23:55.105000,14,0 days 00:01:17.102000,39.0,,,0 days 00:00:20.124000,0 days 00:00:36.053000,0 days 00:00:20.925000,0 days 01:22:58.127000,0 days 01:23:34.180000,0 days 01:23:55.105000,209.0,189.0,254.0,277.0,False,MEDIUM,39.0,True,1,0 days 01:22:38.003000,Alpine,ALO,1,True,2021-05-23 13:52:38.766
970,0 days 01:25:12.368000,14,0 days 00:01:17.263000,40.0,,,0 days 00:00:20.300000,0 days 00:00:36.064000,0 days 00:00:20.899000,0 days 01:24:15.405000,0 days 01:24:51.469000,0 days 01:25:12.368000,,192.0,254.0,276.0,False,MEDIUM,40.0,True,1,0 days 01:23:55.105000,Alpine,ALO,1,True,2021-05-23 13:53:55.868
971,0 days 01:26:29.635000,14,0 days 00:01:17.267000,41.0,,,0 days 00:00:20.225000,0 days 00:00:36.091000,0 days 00:00:20.951000,0 days 01:25:32.593000,0 days 01:26:08.684000,0 days 01:26:29.635000,,190.0,253.0,276.0,False,MEDIUM,41.0,True,1,0 days 01:25:12.368000,Alpine,ALO,1,True,2021-05-23 13:55:13.131
972,0 days 01:27:47.081000,14,0 days 00:01:17.446000,42.0,,,0 days 00:00:20.281000,0 days 00:00:36.186000,0 days 00:00:20.979000,0 days 01:26:49.916000,0 days 01:27:26.102000,0 days 01:27:47.081000,208.0,192.0,252.0,277.0,False,MEDIUM,42.0,True,1,0 days 01:26:29.635000,Alpine,ALO,1,True,2021-05-23 13:56:30.398
973,0 days 01:29:04.683000,14,0 days 00:01:17.602000,43.0,,,0 days 00:00:20.333000,0 days 00:00:36.367000,0 days 00:00:20.902000,0 days 01:28:07.414000,0 days 01:28:43.781000,0 days 01:29:04.683000,205.0,190.0,254.0,275.0,False,MEDIUM,43.0,True,1,0 days 01:27:47.081000,Alpine,ALO,1,True,2021-05-23 13:57:47.844
974,0 days 01:30:23.067000,14,0 days 00:01:18.384000,44.0,,,0 days 00:00:20.475000,0 days 00:00:36.793000,0 days 00:00:21.116000,0 days 01:29:25.158000,0 days 01:30:01.951000,0 days 01:30:23.067000,206.0,186.0,253.0,275.0,False,MEDIUM,44.0,True,1,0 days 01:29:04.683000,Alpine,ALO,1,True,2021-05-23 13:59:05.446
975,0 days 01:31:57.482000,14,0 days 00:01:34.415000,45.0,,0 days 01:31:34.693000,0 days 00:00:20.623000,0 days 00:00:36.493000,0 days 00:00:37.299000,0 days 01:30:43.690000,0 days 01:31:20.183000,0 days 01:31:57.482000,201.0,187.0,,276.0,False,MEDIUM,45.0,True,1,0 days 01:30:23.067000,Alpine,ALO,1,False,2021-05-23 14:00:23.830
976,0 days 01:33:18.114000,14,0 days 00:01:20.632000,46.0,0 days 01:31:58.267000,,0 days 00:00:23.209000,0 days 00:00:36.729000,0 days 00:00:20.694000,0 days 01:32:20.691000,0 days 01:32:57.420000,0 days 01:33:18.114000,189.0,186.0,255.0,277.0,False,SOFT,1.0,True,2,0 days 01:31:57.482000,Alpine,ALO,1,False,2021-05-23 14:01:58.245
977,0 days 01:34:33.234000,14,0 days 00:01:15.120000,47.0,,,0 days 00:00:19.901000,0 days 00:00:35.098000,0 days 00:00:20.121000,0 days 01:33:38.015000,0 days 01:34:13.113000,0 days 01:34:33.234000,206.0,195.0,255.0,277.0,False,SOFT,2.0,True,2,0 days 01:33:18.114000,Alpine,ALO,1,True,2021-05-23 14:03:18.877
978,0 days 01:35:53.552000,14,0 days 00:01:20.318000,48.0,,,0 days 00:00:22.917000,0 days 00:00:36.453000,0 days 00:00:20.948000,0 days 01:34:56.151000,0 days 01:35:32.604000,0 days 01:35:53.552000,196.0,187.0,254.0,278.0,False,SOFT,3.0,True,2,0 days 01:34:33.234000,Alpine,ALO,1,True,2021-05-23 14:04:33.997
979,0 days 01:37:10.309000,14,0 days 00:01:16.757000,49.0,,,0 days 00:00:20.187000,0 days 00:00:35.764000,0 days 00:00:20.806000,0 days 01:36:13.739000,0 days 01:36:49.503000,0 days 01:37:10.309000,205.0,187.0,255.0,278.0,False,SOFT,4.0,True,2,0 days 01:35:53.552000,Alpine,ALO,1,True,2021-05-23 14:05:54.315
980,0 days 01:38:27.306000,14,0 days 00:01:16.997000,50.0,,,0 days 00:00:20.377000,0 days 00:00:35.892000,0 days 00:00:20.728000,0 days 01:37:30.686000,0 days 01:38:06.578000,0 days 01:38:27.306000,198.0,193.0,253.0,277.0,False,SOFT,5.0,True,2,0 days 01:37:10.309000,Alpine,ALO,1,True,2021-05-23 14:07:11.072
981,0 days 01:39:44.033000,14,0 days 00:01:16.727000,51.0,,,0 days 00:00:20.279000,0 days 00:00:35.835000,0 days 00:00:20.613000,0 days 01:38:47.585000,0 days 01:39:23.420000,0 days 01:39:44.033000,199.0,192.0,254.0,277.0,False,SOFT,6.0,True,2,0 days 01:38:27.306000,Alpine,ALO,1,True,2021-05-23 14:08:28.069
982,0 days 01:41:00.342000,14,0 days 00:01:16.309000,52.0,,,0 days 00:00:20.249000,0 days 00:00:35.491000,0 days 00:00:20.569000,0 days 01:40:04.282000,0 days 01:40:39.773000,0 days 01:41:00.342000,,192.0,255.0,277.0,False,SOFT,7.0,True,2,0 days 01:39:44.033000,Alpine,ALO,1,True,2021-05-23 14:09:44.796
983,0 days 01:42:16.899000,14,0 days 00:01:16.557000,53.0,,,0 days 00:00:20.266000,0 days 00:00:35.709000,0 days 00:00:20.582000,0 days 01:41:20.608000,0 days 01:41:56.317000,0 days 01:42:16.899000,200.0,190.0,253.0,276.0,False,SOFT,8.0,True,2,0 days 01:41:00.342000,Alpine,ALO,1,True,2021-05-23 14:11:01.105
984,0 days 01:43:32.682000,14,0 days 00:01:15.783000,54.0,,,0 days 00:00:20.050000,0 days 00:00:35.437000,0 days 00:00:20.296000,0 days 01:42:36.949000,0 days 01:43:12.386000,0 days 01:43:32.682000,,192.0,255.0,276.0,False,SOFT,9.0,True,2,0 days 01:42:16.899000,Alpine,ALO,1,True,2021-05-23 14:12:17.662
985,0 days 01:44:48.636000,14,0 days 00:01:15.954000,55.0,,,0 days 00:00:20.172000,0 days 00:00:35.493000,0 days 00:00:20.289000,0 days 01:43:52.854000,0 days 01:44:28.347000,0 days 01:44:48.636000,199.0,193.0,255.0,275.0,False,SOFT,10.0,True,2,0 days 01:43:32.682000,Alpine,ALO,1,True,2021-05-23 14:13:33.445
986,0 days 01:46:04.618000,14,0 days 00:01:15.982000,56.0,,,0 days 00:00:20.383000,0 days 00:00:35.315000,0 days 00:00:20.284000,0 days 01:45:09.019000,0 days 01:45:44.334000,0 days 01:46:04.618000,197.0,192.0,254.0,275.0,False,SOFT,11.0,True,2,0 days 01:44:48.636000,Alpine,ALO,1,True,2021-05-23 14:14:49.399
987,0 days 01:47:20.689000,14,0 days 00:01:16.071000,57.0,,,0 days 00:00:20.108000,0 days 00:00:35.451000,0 days 00:00:20.512000,0 days 01:46:24.726000,0 days 01:47:00.177000,0 days 01:47:20.689000,204.0,191.0,254.0,276.0,False,SOFT,12.0,True,2,0 days 01:46:04.618000,Alpine,ALO,1,True,2021-05-23 14:16:05.381
988,0 days 01:48:36.717000,14,0 days 00:01:16.028000,58.0,,,0 days 00:00:20.127000,0 days 00:00:35.465000,0 days 00:00:20.436000,0 days 01:47:40.816000,0 days 01:48:16.281000,0 days 01:48:36.717000,202.0,194.0,254.0,274.0,False,SOFT,13.0,True,2,0 days 01:47:20.689000,Alpine,ALO,1,True,2021-05-23 14:17:21.452
989,0 days 01:49:52.607000,14,0 days 00:01:15.890000,59.0,,,0 days 00:00:20.051000,0 days 00:00:35.432000,0 days 00:00:20.407000,0 days 01:48:56.768000,0 days 01:49:32.200000,0 days 01:49:52.607000,204.0,192.0,254.0,275.0,False,SOFT,14.0,True,2,0 days 01:48:36.717000,Alpine,ALO,1,True,2021-05-23 14:18:37.480
990,0 days 01:51:08.516000,14,0 days 00:01:15.909000,60.0,,,0 days 00:00:20.048000,0 days 00:00:35.498000,0 days 00:00:20.363000,0 days 01:50:12.655000,0 days 01:50:48.153000,0 days 01:51:08.516000,196.0,193.0,254.0,274.0,False,SOFT,15.0,True,2,0 days 01:49:52.607000,Alpine,ALO,1,True,2021-05-23 14:19:53.370
991,0 days 01:52:24.523000,14,0 days 00:01:16.007000,61.0,,,0 days 00:00:20.269000,0 days 00:00:35.553000,0 days 00:00:20.185000,0 days 01:51:28.785000,0 days 01:52:04.338000,0 days 01:52:24.523000,194.0,195.0,255.0,274.0,False,SOFT,16.0,True,2,0 days 01:51:08.516000,Alpine,ALO,1,True,2021-05-23 14:21:09.279
992,0 days 01:53:39.984000,14,0 days 00:01:15.461000,62.0,,,0 days 00:00:19.863000,0 days 00:00:35.215000,0 days 00:00:20.383000,0 days 01:52:44.386000,0 days 01:53:19.601000,0 days 01:53:39.984000,196.0,194.0,255.0,276.0,False,SOFT,17.0,True,2,0 days 01:52:24.523000,Alpine,ALO,1,True,2021-05-23 14:22:25.286
993,0 days 01:54:55.852000,14,0 days 00:01:15.868000,63.0,,,0 days 00:00:20.025000,0 days 00:00:35.457000,0 days 00:00:20.386000,0 days 01:54:00.009000,0 days 01:54:35.466000,0 days 01:54:55.852000,199.0,192.0,254.0,276.0,False,SOFT,18.0,True,2,0 days 01:53:39.984000,Alpine,ALO,1,True,2021-05-23 14:23:40.747
994,0 days 01:56:12.009000,14,0 days 00:01:16.157000,64.0,,,0 days 00:00:20.230000,0 days 00:00:35.414000,0 days 00:00:20.513000,0 days 01:55:16.082000,0 days 01:55:51.496000,0 days 01:56:12.009000,193.0,192.0,255.0,275.0,False,SOFT,19.0,True,2,0 days 01:54:55.852000,Alpine,ALO,1,True,2021-05-23 14:24:56.615
995,0 days 01:57:27.545000,14,0 days 00:01:15.536000,65.0,,,0 days 00:00:19.972000,0 days 00:00:35.172000,0 days 00:00:20.392000,0 days 01:56:31.981000,0 days 01:57:07.153000,0 days 01:57:27.545000,200.0,194.0,255.0,275.0,False,SOFT,20.0,True,2,0 days 01:56:12.009000,Alpine,ALO,1,True,2021-05-23 14:26:12.772
996,0 days 01:58:43.740000,14,0 days 00:01:16.195000,66.0,,,0 days 00:00:19.886000,0 days 00:00:35.568000,0 days 00:00:20.741000,0 days 01:57:47.431000,0 days 01:58:22.999000,0 days 01:58:43.740000,197.0,189.0,255.0,275.0,False,SOFT,21.0,True,2,0 days 01:57:27.545000,Alpine,ALO,1,True,2021-05-23 14:27:28.308
997,0 days 01:59:59.058000,14,0 days 00:01:15.318000,67.0,,,0 days 00:00:19.903000,0 days 00:00:35.241000,0 days 00:00:20.174000,0 days 01:59:03.643000,0 days 01:59:38.884000,0 days 01:59:59.058000,191.0,196.0,256.0,277.0,False,SOFT,22.0,True,2,0 days 01:58:43.740000,Alpine,ALO,1,True,2021-05-23 14:28:44.503
998,0 days 02:01:14.283000,14,0 days 00:01:15.213000,68.0,,,,0 days 00:00:35.105000,0 days 00:00:20.205000,,0 days 02:00:54.088000,0 days 02:01:14.363000,195.0,197.0,256.0,277.0,False,SOFT,23.0,True,2,0 days 01:59:59.058000,Alpine,ALO,1,False,2021-05-23 14:29:59.821
999,0 days 02:02:29.950000,14,0 days 00:01:15.667000,69.0,,,0 days 00:00:20.068000,0 days 00:00:35.384000,0 days 00:00:20.215000,0 days 02:01:34.351000,0 days 02:02:09.735000,0 days 02:02:29.950000,193.0,194.0,257.0,278.0,False,SOFT,24.0,True,2,0 days 02:01:14.283000,Alpine,ALO,1,True,2021-05-23 14:31:15.046
1000,0 days 02:03:44.976000,14,0 days 00:01:15.026000,70.0,,,0 days 00:00:19.809000,0 days 00:00:35.087000,0 days 00:00:20.130000,0 days 02:02:49.759000,0 days 02:03:24.846000,0 days 02:03:44.976000,196.0,196.0,257.0,279.0,True,SOFT,25.0,True,2,0 days 02:02:29.950000,Alpine,ALO,1,True,2021-05-23 14:32:30.713
1001,0 days 02:05:00.202000,14,0 days 00:01:15.226000,71.0,,,0 days 00:00:19.895000,0 days 00:00:35.119000,0 days 00:00:20.212000,0 days 02:04:04.871000,0 days 02:04:39.990000,0 days 02:05:00.202000,193.0,196.0,257.0,277.0,False,SOFT,26.0,True,2,0 days 02:03:44.976000,Alpine,ALO,1,True,2021-05-23 14:33:45.739
1002,0 days 02:06:15.624000,14,0 days 00:01:15.422000,72.0,,,0 days 00:00:19.742000,0 days 00:00:35.312000,0 days 00:00:20.368000,0 days 02:05:19.944000,0 days 02:05:55.256000,0 days 02:06:15.624000,,195.0,255.0,275.0,False,SOFT,27.0,True,2,0 days 02:05:00.202000,Alpine,ALO,1,True,2021-05-23 14:35:00.965
1003,0 days 02:07:31.735000,14,0 days 00:01:16.111000,73.0,,,0 days 00:00:20.040000,0 days 00:00:35.570000,0 days 00:00:20.501000,0 days 02:06:35.664000,0 days 02:07:11.234000,0 days 02:07:31.735000,189.0,195.0,259.0,274.0,False,SOFT,28.0,True,2,0 days 02:06:15.624000,Alpine,ALO,1,True,2021-05-23 14:36:16.387
1004,0 days 02:08:47.830000,14,0 days 00:01:16.095000,74.0,,,0 days 00:00:19.943000,0 days 00:00:35.565000,0 days 00:00:20.587000,0 days 02:07:51.678000,0 days 02:08:27.243000,0 days 02:08:47.830000,200.0,194.0,262.0,279.0,False,SOFT,29.0,True,2,0 days 02:07:31.735000,Alpine,ALO,1,True,2021-05-23 14:37:32.498
1005,0 days 02:10:04.431000,14,0 days 00:01:16.601000,75.0,,,0 days 00:00:20.130000,0 days 00:00:36.047000,0 days 00:00:20.424000,0 days 02:09:07.960000,0 days 02:09:44.007000,0 days 02:10:04.431000,196.0,194.0,268.0,284.0,False,SOFT,30.0,True,2,0 days 02:08:47.830000,Alpine,ALO,1,True,2021-05-23 14:38:48.593
1006,0 days 02:11:21.127000,14,0 days 00:01:16.696000,76.0,,,0 days 00:00:20.205000,0 days 00:00:35.978000,0 days 00:00:20.513000,0 days 02:10:24.636000,0 days 02:11:00.614000,0 days 02:11:21.127000,201.0,194.0,268.0,284.0,False,SOFT,31.0,True,2,0 days 02:10:04.431000,Alpine,ALO,1,True,2021-05-23 14:40:05.194
1007,0 days 02:12:38.197000,14,0 days 00:01:17.070000,77.0,,,0 days 00:00:20.317000,0 days 00:00:35.922000,0 days 00:00:20.831000,0 days 02:11:41.444000,0 days 02:12:17.366000,0 days 02:12:38.197000,202.0,192.0,267.0,284.0,False,SOFT,32.0,True,2,0 days 02:11:21.127000,Alpine,ALO,1,True,2021-05-23 14:41:21.890
