,Date,RPM,Speed,nGear,Throttle,Brake,DRS,Source,Time,SessionTime,Distance
0,2021-05-23 13:16:24.588,11451,261,6,100,False,0,car,0 days 00:00:00.091000,0 days 00:46:23.825000,6.5975
1,2021-05-23 13:16:24.828,11636,265,6,100,False,0,car,0 days 00:00:00.331000,0 days 00:46:24.065000,24.264166666666668
2,2021-05-23 13:16:25.068,11729,266,6,100,False,0,car,0 days 00:00:00.571000,0 days 00:46:24.305000,41.9975
3,2021-05-23 13:16:25.308,11449,268,7,100,False,0,car,0 days 00:00:00.811000,0 days 00:46:24.545000,59.86416666666667
4,2021-05-23 13:16:25.548,10376,269,7,100,True,0,car,0 days 00:00:01.051000,0 days 00:46:24.785000,77.79750000000001
5,2021-05-23 13:16:25.788,9572,258,7,0,True,0,car,0 days 00:00:01.291000,0 days 00:46:25.025000,94.99750000000002
6,2021-05-23 13:16:26.068,9013,228,7,0,True,0,car,0 days 00:00:01.571000,0 days 00:46:25.305000,112.73083333333335
7,2021-05-23 13:16:26.308,10275,209,7,0,True,0,car,0 days 00:00:01.811000,0 days 00:46:25.545000,126.66416666666669
8,2021-05-23 13:16:26.548,10915,179,7,0,True,0,car,0 days 00:00:02.051000,0 days 00:46:25.785000,138.59750000000003
9,2021-05-23 13:16:26.788,11385,172,6,0,True,0,car,0 days 00:00:02.291000,0 days 00:46:26.025000,150.0641666666667
10,2021-05-23 13:16:27.028,10134,138,3,0,True,0,car,0 days 00:00:02.531000,0 days 00:46:26.265000,159.2641666666667
11,2021-05-23 13:16:27.268,10673,127,2,0,True,0,car,0 days 00:00:02.771000,0 days 00:46:26.505000,167.73083333333338
12,2021-05-23 13:16:27.508,10253,116,2,0,True,0,car,0 days 00:00:03.011000,0 days 00:46:26.745000,175.4641666666667
13,2021-05-23 13:16:27.748,9056,107,2,0,True,0,car,0 days 00:00:03.251000,0 days 00:46:26.985000,182.59750000000003
14,2021-05-23 13:16:27.949,8830,105,2,0,False,0,car,0 days 00:00:03.452000,0 days 00:46:27.186000,188.46000000000004
15,2021-05-23 13:16:28.189,8702,102,2,1,False,0,car,0 days 00:00:03.692000,0 days 00:46:27.426000,195.26000000000002
16,2021-05-23 13:16:28.429,8910,98,2,14,False,0,car,0 days 00:00:03.932000,0 days 00:46:27.666000,201.79333333333335
17,2021-05-23 13:16:28.669,8708,98,2,25,False,0,car,0 days 00:00:04.172000,0 days 00:46:27.906000,208.32666666666668
18,2021-05-23 13:16:28.908,9101,99,2,51,False,0,car,0 days 00:00:04.411000,0 days 00:46:28.145000,214.89916666666667
19,2021-05-23 13:16:29.148,9692,107,2,69,False,0,car,0 days 00:00:04.651000,0 days 00:46:28.385000,222.0325
20,2021-05-23 13:16:29.428,10609,117,2,81,False,0,car,0 days 00:00:04.931000,0 days 00:46:28.665000,231.1325
21,2021-05-23 13:16:29.668,10609,124,2,81,False,0,car,0 days 00:00:05.171000,0 days 00:46:28.905000,239.39916666666667
22,2021-05-23 13:16:29.908,10206,133,2,100,False,0,car,0 days 00:00:05.411000,0 days 00:46:29.145000,248.26583333333335
23,2021-05-23 13:16:30.188,11009,149,3,100,False,0,car,0 days 00:00:05.691000,0 days 00:46:29.425000,259.8547222222222
24,2021-05-23 13:16:30.428,11810,163,3,100,False,0,car,0 days 00:00:05.931000,0 days 00:46:29.665000,270.72138888888884
25,2021-05-23 13:16:30.668,11150,170,3,100,False,0,car,0 days 00:00:06.171000,0 days 00:46:29.905000,282.05472222222215
26,2021-05-23 13:16:30.908,11073,178,4,100,False,0,car,0 days 00:00:06.411000,0 days 00:46:30.145000,293.9213888888888
27,2021-05-23 13:16:31.148,11421,188,4,100,False,0,car,0 days 00:00:06.651000,0 days 00:46:30.385000,306.4547222222222
28,2021-05-23 13:16:31.388,11937,194,4,100,False,0,car,0 days 00:00:06.891000,0 days 00:46:30.625000,319.38805555555547
29,2021-05-23 13:16:31.628,11517,202,5,100,False,0,car,0 days 00:00:07.131000,0 days 00:46:30.865000,332.85472222222216
30,2021-05-23 13:16:31.868,10509,208,5,100,False,0,car,0 days 00:00:07.371000,0 days 00:46:31.105000,346.72138888888884
31,2021-05-23 13:16:32.108,11087,213,5,100,False,0,car,0 days 00:00:07.611000,0 days 00:46:31.345000,360.9213888888888
32,2021-05-23 13:16:32.348,11317,220,5,100,False,0,car,0 days 00:00:07.851000,0 days 00:46:31.585000,375.5880555555555
33,2021-05-23 13:16:32.588,11626,225,5,100,False,0,car,0 days 00:00:08.091000,0 days 00:46:31.825000,390.5880555555555
34,2021-05-23 13:16:32.828,11725,230,5,100,False,0,car,0 days 00:00:08.331000,0 days 00:46:32.065000,405.9213888888889
35,2021-05-23 13:16:33.068,11878,234,5,100,False,0,car,0 days 00:00:08.571000,0 days 00:46:32.305000,421.5213888888888
36,2021-05-23 13:16:33.308,10547,237,6,100,False,0,car,0 days 00:00:08.811000,0 days 00:46:32.545000,437.3213888888888
37,2021-05-23 13:16:33.548,10554,240,6,100,False,0,car,0 days 00:00:09.051000,0 days 00:46:32.785000,453.3213888888888
38,2021-05-23 13:16:33.788,10867,246,6,100,False,0,car,0 days 00:00:09.291000,0 days 00:46:33.025000,469.72138888888884
39,2021-05-23 13:16:34.028,11103,249,6,100,False,0,car,0 days 00:00:09.531000,0 days 00:46:33.265000,486.32138888888886
40,2021-05-23 13:16:34.268,11156,251,6,100,False,0,car,0 days 00:00:09.771000,0 days 00:46:33.505000,503.0547222222222
41,2021-05-23 13:16:34.469,11220,254,6,100,False,0,car,0 days 00:00:09.972000,0 days 00:46:33.706000,517.2363888888889
42,2021-05-23 13:16:34.709,11329,254,6,100,False,0,car,0 days 00:00:10.212000,0 days 00:46:33.946000,534.1697222222223
43,2021-05-23 13:16:34.949,11458,259,6,100,False,0,car,0 days 00:00:10.452000,0 days 00:46:34.186000,551.4363888888888
44,2021-05-23 13:16:35.189,11547,262,6,100,False,0,car,0 days 00:00:10.692000,0 days 00:46:34.426000,568.9030555555555
45,2021-05-23 13:16:35.429,11548,262,6,100,False,0,car,0 days 00:00:10.932000,0 days 00:46:34.666000,586.3697222222222
46,2021-05-23 13:16:35.668,11408,259,6,100,True,0,car,0 days 00:00:11.171000,0 days 00:46:34.905000,603.5644444444445
47,2021-05-23 13:16:35.908,10796,257,6,0,True,0,car,0 days 00:00:11.411000,0 days 00:46:35.145000,620.6977777777778
48,2021-05-23 13:16:36.148,9884,230,6,0,True,0,car,0 days 00:00:11.651000,0 days 00:46:35.385000,636.0311111111112
49,2021-05-23 13:16:36.388,10724,218,6,0,True,0,car,0 days 00:00:11.891000,0 days 00:46:35.625000,650.5644444444443
50,2021-05-23 13:16:36.628,10163,204,5,0,True,0,car,0 days 00:00:12.131000,0 days 00:46:35.865000,664.1644444444444
51,2021-05-23 13:16:36.868,9677,194,5,0,True,0,car,0 days 00:00:12.371000,0 days 00:46:36.105000,677.0977777777778
52,2021-05-23 13:16:37.108,9677,183,5,0,True,0,car,0 days 00:00:12.611000,0 days 00:46:36.345000,689.2977777777778
53,2021-05-23 13:16:37.348,10030,171,4,0,True,0,car,0 days 00:00:12.851000,0 days 00:46:36.585000,700.6977777777778
54,2021-05-23 13:16:37.588,9542,165,4,0,True,0,car,0 days 00:00:13.091000,0 days 00:46:36.825000,711.6977777777778
55,2021-05-23 13:16:37.828,9213,158,4,0,False,0,car,0 days 00:00:13.331000,0 days 00:46:37.065000,722.2311111111111
56,2021-05-23 13:16:38.068,9159,155,4,0,False,0,car,0 days 00:00:13.571000,0 days 00:46:37.305000,732.5644444444445
57,2021-05-23 13:16:38.308,8793,152,4,11,False,0,car,0 days 00:00:13.811000,0 days 00:46:37.545000,742.6977777777778
58,2021-05-23 13:16:38.548,8716,148,4,14,False,0,car,0 days 00:00:14.051000,0 days 00:46:37.785000,752.5644444444443
59,2021-05-23 13:16:38.788,8578,145,4,25,False,0,car,0 days 00:00:14.291000,0 days 00:46:38.025000,762.231111111111
60,2021-05-23 13:16:39.028,8603,142,4,43,False,0,car,0 days 00:00:14.531000,0 days 00:46:38.265000,771.6977777777777
61,2021-05-23 13:16:39.268,8639,143,4,52,False,0,car,0 days 00:00:14.771000,0 days 00:46:38.505000,781.231111111111
62,2021-05-23 13:16:39.508,8836,143,4,59,False,0,car,0 days 00:00:15.011000,0 days 00:46:38.745000,790.7644444444443
63,2021-05-23 13:16:39.748,9016,148,4,64,False,0,car,0 days 00:00:15.251000,0 days 00:46:38.985000,800.631111111111
64,2021-05-23 13:16:39.988,9152,150,4,53,False,0,car,0 days 00:00:15.491000,0 days 00:46:39.225000,810.631111111111
65,2021-05-23 13:16:40.228,9115,152,4,46,False,0,car,0 days 00:00:15.731000,0 days 00:46:39.465000,820.7644444444443
66,2021-05-23 13:16:40.468,9115,152,4,46,False,0,car,0 days 00:00:15.971000,0 days 00:46:39.705000,830.8977777777776
67,2021-05-23 13:16:40.708,9050,147,4,0,True,0,car,0 days 00:00:16.211000,0 days 00:46:39.945000,840.6977777777776
68,2021-05-23 13:16:40.949,9050,140,3,0,True,0,car,0 days 00:00:16.452000,0 days 00:46:40.186000,850.0699999999998
69,2021-05-23 13:16:41.189,8819,129,3,0,True,0,car,0 days 00:00:16.692000,0 days 00:46:40.426000,858.6699999999997
70,2021-05-23 13:16:41.429,8586,125,3,0,False,0,car,0 days 00:00:16.932000,0 days 00:46:40.666000,867.0033333333331
71,2021-05-23 13:16:41.669,8352,121,3,0,False,0,car,0 days 00:00:17.172000,0 days 00:46:40.906000,875.0699999999997
72,2021-05-23 13:16:41.909,8365,117,3,0,False,0,car,0 days 00:00:17.412000,0 days 00:46:41.146000,882.8699999999998
73,2021-05-23 13:16:42.149,8516,118,3,50,False,0,car,0 days 00:00:17.652000,0 days 00:46:41.386000,890.7366666666663
74,2021-05-23 13:16:42.388,9007,120,3,56,False,0,car,0 days 00:00:17.891000,0 days 00:46:41.625000,898.703333333333
75,2021-05-23 13:16:42.628,9434,127,3,68,False,0,car,0 days 00:00:18.131000,0 days 00:46:41.865000,907.1699999999996
76,2021-05-23 13:16:42.868,9445,132,3,68,False,0,car,0 days 00:00:18.371000,0 days 00:46:42.105000,915.9699999999997
77,2021-05-23 13:16:43.108,10327,138,3,78,False,0,car,0 days 00:00:18.611000,0 days 00:46:42.345000,925.1699999999996
78,2021-05-23 13:16:43.348,10847,149,3,87,False,0,car,0 days 00:00:18.851000,0 days 00:46:42.585000,935.103333333333
79,2021-05-23 13:16:43.588,11608,159,3,100,False,0,car,0 days 00:00:19.091000,0 days 00:46:42.825000,945.7033333333329
80,2021-05-23 13:16:43.828,10549,171,4,100,False,0,car,0 days 00:00:19.331000,0 days 00:46:43.065000,957.1033333333329
81,2021-05-23 13:16:44.108,11179,179,4,100,False,0,car,0 days 00:00:19.611000,0 days 00:46:43.345000,971.0255555555552
82,2021-05-23 13:16:44.348,11356,191,4,100,False,0,car,0 days 00:00:19.851000,0 days 00:46:43.585000,983.7588888888887
83,2021-05-23 13:16:44.588,10656,198,5,100,False,0,car,0 days 00:00:20.091000,0 days 00:46:43.825000,996.9588888888886
84,2021-05-23 13:16:44.828,10321,206,5,100,True,0,car,0 days 00:00:20.331000,0 days 00:46:44.065000,1010.6922222222219
85,2021-05-23 13:16:45.068,9719,194,5,0,True,0,car,0 days 00:00:20.571000,0 days 00:46:44.305000,1023.6255555555553
86,2021-05-23 13:16:45.308,10686,180,5,0,True,0,car,0 days 00:00:20.811000,0 days 00:46:44.545000,1035.6255555555551
87,2021-05-23 13:16:45.548,11149,157,4,0,True,0,car,0 days 00:00:21.051000,0 days 00:46:44.785000,1046.0922222222218
88,2021-05-23 13:16:45.788,10449,143,3,0,True,0,car,0 days 00:00:21.291000,0 days 00:46:45.025000,1055.6255555555551
89,2021-05-23 13:16:46.028,10486,126,2,0,True,0,car,0 days 00:00:21.531000,0 days 00:46:45.265000,1064.0255555555552
90,2021-05-23 13:16:46.268,9478,115,2,0,True,0,car,0 days 00:00:21.771000,0 days 00:46:45.505000,1071.6922222222217
91,2021-05-23 13:16:46.508,8755,105,2,0,True,0,car,0 days 00:00:22.011000,0 days 00:46:45.745000,1078.6922222222217
92,2021-05-23 13:16:46.748,7979,93,2,0,True,0,car,0 days 00:00:22.251000,0 days 00:46:45.985000,1084.8922222222218
93,2021-05-23 13:16:46.988,7028,88,2,0,True,0,car,0 days 00:00:22.491000,0 days 00:46:46.225000,1090.7588888888884
94,2021-05-23 13:16:47.228,6604,81,2,0,True,0,car,0 days 00:00:22.731000,0 days 00:46:46.465000,1096.1588888888884
95,2021-05-23 13:16:47.468,6488,79,2,0,False,0,car,0 days 00:00:22.971000,0 days 00:46:46.705000,1101.425555555555
96,2021-05-23 13:16:47.669,6203,76,2,0,False,0,car,0 days 00:00:23.172000,0 days 00:46:46.906000,1105.6688888888884
97,2021-05-23 13:16:47.909,6099,75,2,0,False,0,car,0 days 00:00:23.412000,0 days 00:46:47.146000,1110.6688888888884
98,2021-05-23 13:16:48.149,6224,72,2,10,False,0,car,0 days 00:00:23.652000,0 days 00:46:47.386000,1115.4688888888884
99,2021-05-23 13:16:48.389,6468,71,2,19,False,0,car,0 days 00:00:23.892000,0 days 00:46:47.626000,1120.2022222222217
100,2021-05-23 13:16:48.629,6772,75,2,36,False,0,car,0 days 00:00:24.132000,0 days 00:46:47.866000,1125.2022222222217
101,2021-05-23 13:16:48.869,7249,79,2,51,False,0,car,0 days 00:00:24.372000,0 days 00:46:48.106000,1130.4688888888884
102,2021-05-23 13:16:49.108,8031,85,2,59,False,0,car,0 days 00:00:24.611000,0 days 00:46:48.345000,1136.111944444444
103,2021-05-23 13:16:49.348,8693,96,2,69,False,0,car,0 days 00:00:24.851000,0 days 00:46:48.585000,1142.511944444444
104,2021-05-23 13:16:49.588,9534,103,2,71,False,0,car,0 days 00:00:25.091000,0 days 00:46:48.825000,1149.3786111111106
105,2021-05-23 13:16:49.828,10463,116,2,82,False,0,car,0 days 00:00:25.331000,0 days 00:46:49.065000,1157.111944444444
106,2021-05-23 13:16:50.068,9343,125,2,87,False,0,car,0 days 00:00:25.571000,0 days 00:46:49.305000,1165.4452777777772
107,2021-05-23 13:16:50.308,9487,134,3,87,False,0,car,0 days 00:00:25.811000,0 days 00:46:49.545000,1174.3786111111103
108,2021-05-23 13:16:50.548,8653,128,3,0,True,0,car,0 days 00:00:26.051000,0 days 00:46:49.785000,1182.9119444444436
109,2021-05-23 13:16:50.828,9002,109,3,0,True,0,car,0 days 00:00:26.331000,0 days 00:46:50.065000,1191.3897222222215
110,2021-05-23 13:16:51.068,9593,109,2,0,True,0,car,0 days 00:00:26.571000,0 days 00:46:50.305000,1198.6563888888882
111,2021-05-23 13:16:51.308,9313,86,1,0,True,0,car,0 days 00:00:26.811000,0 days 00:46:50.545000,1204.3897222222215
112,2021-05-23 13:16:51.548,7929,73,1,0,True,0,car,0 days 00:00:27.051000,0 days 00:46:50.785000,1209.2563888888883
113,2021-05-23 13:16:51.788,6964,66,1,0,True,0,car,0 days 00:00:27.291000,0 days 00:46:51.025000,1213.6563888888882
114,2021-05-23 13:16:52.028,6596,61,1,0,True,0,car,0 days 00:00:27.531000,0 days 00:46:51.265000,1217.7230555555548
115,2021-05-23 13:16:52.268,6205,58,1,0,False,0,car,0 days 00:00:27.771000,0 days 00:46:51.505000,1221.5897222222213
116,2021-05-23 13:16:52.508,5951,57,1,0,False,0,car,0 days 00:00:28.011000,0 days 00:46:51.745000,1225.3897222222213
117,2021-05-23 13:16:52.748,5951,56,1,0,False,0,car,0 days 00:00:28.251000,0 days 00:46:51.985000,1229.1230555555546
118,2021-05-23 13:16:52.988,5592,54,1,6,False,0,car,0 days 00:00:28.491000,0 days 00:46:52.225000,1232.7230555555548
119,2021-05-23 13:16:53.228,5233,51,1,0,False,0,car,0 days 00:00:28.731000,0 days 00:46:52.465000,1236.1230555555549
120,2021-05-23 13:16:53.468,5202,50,1,5,False,0,car,0 days 00:00:28.971000,0 days 00:46:52.705000,1239.4563888888881
121,2021-05-23 13:16:53.708,5556,50,1,9,False,0,car,0 days 00:00:29.211000,0 days 00:46:52.945000,1242.7897222222214
122,2021-05-23 13:16:53.948,5755,48,1,18,False,0,car,0 days 00:00:29.451000,0 days 00:46:53.185000,1245.9897222222214
123,2021-05-23 13:16:54.149,6154,51,1,27,False,0,car,0 days 00:00:29.652000,0 days 00:46:53.386000,1248.8372222222215
124,2021-05-23 13:16:54.389,6850,53,1,36,False,0,car,0 days 00:00:29.892000,0 days 00:46:53.626000,1252.3705555555548
125,2021-05-23 13:16:54.629,7583,62,1,46,False,0,car,0 days 00:00:30.132000,0 days 00:46:53.866000,1256.503888888888
126,2021-05-23 13:16:54.869,8354,66,1,48,False,0,car,0 days 00:00:30.372000,0 days 00:46:54.106000,1260.903888888888
127,2021-05-23 13:16:55.109,9482,76,1,53,False,0,car,0 days 00:00:30.612000,0 days 00:46:54.346000,1265.9705555555547
128,2021-05-23 13:16:55.349,9543,87,1,55,False,0,car,0 days 00:00:30.852000,0 days 00:46:54.586000,1271.7705555555547
129,2021-05-23 13:16:55.589,8703,94,2,61,False,0,car,0 days 00:00:31.092000,0 days 00:46:54.826000,1278.0372222222213
130,2021-05-23 13:16:55.828,7756,94,2,0,True,0,car,0 days 00:00:31.331000,0 days 00:46:55.065000,1284.277777777777
131,2021-05-23 13:16:56.068,7455,90,2,0,True,0,car,0 days 00:00:31.571000,0 days 00:46:55.305000,1290.277777777777
132,2021-05-23 13:16:56.308,7039,87,2,0,True,0,car,0 days 00:00:31.811000,0 days 00:46:55.545000,1296.0777777777769
133,2021-05-23 13:16:56.548,6813,83,2,0,False,0,car,0 days 00:00:32.051000,0 days 00:46:55.785000,1301.6111111111102
134,2021-05-23 13:16:56.788,6558,81,2,0,False,0,car,0 days 00:00:32.291000,0 days 00:46:56.025000,1307.0111111111103
135,2021-05-23 13:16:57.028,6698,80,2,13,False,0,car,0 days 00:00:32.531000,0 days 00:46:56.265000,1312.3444444444435
136,2021-05-23 13:16:57.268,6883,77,2,26,False,0,car,0 days 00:00:32.771000,0 days 00:46:56.505000,1317.477777777777
137,2021-05-23 13:16:57.508,7633,78,2,40,False,0,car,0 days 00:00:33.011000,0 days 00:46:56.745000,1322.677777777777
138,2021-05-23 13:16:57.748,8052,85,2,58,False,0,car,0 days 00:00:33.251000,0 days 00:46:56.985000,1328.3444444444438
139,2021-05-23 13:16:58.028,8776,95,2,63,False,0,car,0 days 00:00:33.531000,0 days 00:46:57.265000,1335.7333333333324
140,2021-05-23 13:16:58.268,8738,99,2,68,False,0,car,0 days 00:00:33.771000,0 days 00:46:57.505000,1342.3333333333326
141,2021-05-23 13:16:58.508,9804,112,2,84,False,0,car,0 days 00:00:34.011000,0 days 00:46:57.745000,1349.7999999999993
142,2021-05-23 13:16:58.748,9288,112,2,0,True,0,car,0 days 00:00:34.251000,0 days 00:46:57.985000,1357.266666666666
143,2021-05-23 13:16:58.988,8520,104,2,0,True,0,car,0 days 00:00:34.491000,0 days 00:46:58.225000,1364.1999999999991
144,2021-05-23 13:16:59.228,8181,95,2,0,True,0,car,0 days 00:00:34.731000,0 days 00:46:58.465000,1370.5333333333326
145,2021-05-23 13:16:59.468,7544,91,2,0,True,0,car,0 days 00:00:34.971000,0 days 00:46:58.705000,1376.5999999999992
146,2021-05-23 13:16:59.708,7221,88,2,0,False,0,car,0 days 00:00:35.211000,0 days 00:46:58.945000,1382.466666666666
147,2021-05-23 13:16:59.948,7040,85,2,0,False,0,car,0 days 00:00:35.451000,0 days 00:46:59.185000,1388.1333333333325
148,2021-05-23 13:17:00.188,6777,83,2,0,False,0,car,0 days 00:00:35.691000,0 days 00:46:59.425000,1393.6666666666658
149,2021-05-23 13:17:00.428,7155,81,2,20,False,0,car,0 days 00:00:35.931000,0 days 00:46:59.665000,1399.066666666666
150,2021-05-23 13:17:00.709,7083,79,2,36,False,0,car,0 days 00:00:36.212000,0 days 00:46:59.946000,1405.2330555555548
151,2021-05-23 13:17:00.949,7495,84,2,46,False,0,car,0 days 00:00:36.452000,0 days 00:47:00.186000,1410.833055555555
152,2021-05-23 13:17:01.189,7968,89,2,57,False,0,car,0 days 00:00:36.692000,0 days 00:47:00.426000,1416.766388888888
153,2021-05-23 13:17:01.469,9081,98,2,69,False,0,car,0 days 00:00:36.972000,0 days 00:47:00.706000,1424.3886111111103
154,2021-05-23 13:17:01.709,9508,105,2,71,False,0,car,0 days 00:00:37.212000,0 days 00:47:00.946000,1431.3886111111103
155,2021-05-23 13:17:01.949,10633,118,2,86,False,0,car,0 days 00:00:37.452000,0 days 00:47:01.186000,1439.255277777777
156,2021-05-23 13:17:02.189,11473,128,2,98,False,0,car,0 days 00:00:37.692000,0 days 00:47:01.426000,1447.7886111111102
157,2021-05-23 13:17:02.428,10710,142,3,100,False,0,car,0 days 00:00:37.931000,0 days 00:47:01.665000,1457.2158333333325
158,2021-05-23 13:17:02.668,11301,153,3,100,False,0,car,0 days 00:00:38.171000,0 days 00:47:01.905000,1467.4158333333323
159,2021-05-23 13:17:02.908,11263,164,3,100,False,0,car,0 days 00:00:38.411000,0 days 00:47:02.145000,1478.3491666666657
160,2021-05-23 13:17:03.148,10730,175,4,100,False,0,car,0 days 00:00:38.651000,0 days 00:47:02.385000,1490.0158333333325
161,2021-05-23 13:17:03.388,10870,184,4,100,False,0,car,0 days 00:00:38.891000,0 days 00:47:02.625000,1502.2824999999993
162,2021-05-23 13:17:03.628,11773,195,4,100,False,0,car,0 days 00:00:39.131000,0 days 00:47:02.865000,1515.2824999999991
163,2021-05-23 13:17:03.868,11282,202,4,100,False,0,car,0 days 00:00:39.371000,0 days 00:47:03.105000,1528.7491666666658
164,2021-05-23 13:17:04.108,10683,207,5,100,False,0,car,0 days 00:00:39.611000,0 days 00:47:03.345000,1542.549166666666
165,2021-05-23 13:17:04.348,11099,216,5,100,False,0,car,0 days 00:00:39.851000,0 days 00:47:03.585000,1556.9491666666656
166,2021-05-23 13:17:04.588,11215,221,5,100,False,0,car,0 days 00:00:40.091000,0 days 00:47:03.825000,1571.682499999999
167,2021-05-23 13:17:04.828,11635,229,5,100,False,0,car,0 days 00:00:40.331000,0 days 00:47:04.065000,1586.9491666666659
168,2021-05-23 13:17:05.068,11962,233,5,100,False,0,car,0 days 00:00:40.571000,0 days 00:47:04.305000,1602.4824999999994
169,2021-05-23 13:17:05.308,10510,237,5,100,False,0,car,0 days 00:00:40.811000,0 days 00:47:04.545000,1618.2824999999991
170,2021-05-23 13:17:05.588,10813,241,6,100,False,0,car,0 days 00:00:41.091000,0 days 00:47:04.825000,1637.0269444444436
171,2021-05-23 13:17:05.828,10999,248,6,100,False,0,car,0 days 00:00:41.331000,0 days 00:47:05.065000,1653.5602777777772
172,2021-05-23 13:17:06.068,11139,252,6,100,False,0,car,0 days 00:00:41.571000,0 days 00:47:05.305000,1670.3602777777774
173,2021-05-23 13:17:06.308,11245,255,6,100,False,0,car,0 days 00:00:41.811000,0 days 00:47:05.545000,1687.360277777777
174,2021-05-23 13:17:06.588,11385,258,6,100,False,0,car,0 days 00:00:42.091000,0 days 00:47:05.825000,1707.4269444444437
175,2021-05-23 13:17:06.828,11573,261,6,100,False,0,car,0 days 00:00:42.331000,0 days 00:47:06.065000,1724.8269444444438
176,2021-05-23 13:17:07.068,11649,263,6,100,False,0,car,0 days 00:00:42.571000,0 days 00:47:06.305000,1742.3602777777774
177,2021-05-23 13:17:07.269,11665,266,6,100,False,0,car,0 days 00:00:42.772000,0 days 00:47:06.506000,1757.211944444444
178,2021-05-23 13:17:07.509,10420,266,7,100,False,0,car,0 days 00:00:43.012000,0 days 00:47:06.746000,1774.945277777777
179,2021-05-23 13:17:07.749,10437,271,7,100,False,0,car,0 days 00:00:43.252000,0 days 00:47:06.986000,1793.0119444444438
180,2021-05-23 13:17:07.989,10584,271,7,100,False,0,car,0 days 00:00:43.492000,0 days 00:47:07.226000,1811.0786111111106
181,2021-05-23 13:17:08.229,10708,277,7,100,False,0,car,0 days 00:00:43.732000,0 days 00:47:07.466000,1829.5452777777768
182,2021-05-23 13:17:08.469,10806,279,7,100,False,0,car,0 days 00:00:43.972000,0 days 00:47:07.706000,1848.145277777777
183,2021-05-23 13:17:08.709,10906,281,7,100,False,0,car,0 days 00:00:44.212000,0 days 00:47:07.946000,1866.8786111111106
184,2021-05-23 13:17:08.949,10892,283,7,100,False,0,car,0 days 00:00:44.452000,0 days 00:47:08.186000,1885.7452777777773
185,2021-05-23 13:17:09.188,10907,284,7,100,False,0,car,0 days 00:00:44.691000,0 days 00:47:08.425000,1904.5997222222215
186,2021-05-23 13:17:09.428,10487,274,7,0,True,0,car,0 days 00:00:44.931000,0 days 00:47:08.665000,1922.8663888888884
187,2021-05-23 13:17:09.668,10332,256,7,0,True,0,car,0 days 00:00:45.171000,0 days 00:47:08.905000,1939.9330555555548
188,2021-05-23 13:17:09.948,9652,239,7,0,True,0,car,0 days 00:00:45.451000,0 days 00:47:09.185000,1958.5219444444438
189,2021-05-23 13:17:10.188,10548,215,7,0,True,0,car,0 days 00:00:45.691000,0 days 00:47:09.425000,1972.8552777777772
190,2021-05-23 13:17:10.428,11001,192,5,0,True,0,car,0 days 00:00:45.931000,0 days 00:47:09.665000,1985.6552777777774
191,2021-05-23 13:17:10.668,10216,179,4,0,True,0,car,0 days 00:00:46.171000,0 days 00:47:09.905000,1997.5886111111106
192,2021-05-23 13:17:10.908,9968,163,4,0,True,0,car,0 days 00:00:46.411000,0 days 00:47:10.145000,2008.4552777777774
193,2021-05-23 13:17:11.148,10132,144,4,0,True,0,car,0 days 00:00:46.651000,0 days 00:47:10.385000,2018.0552777777775
194,2021-05-23 13:17:11.388,10700,129,3,0,True,0,car,0 days 00:00:46.891000,0 days 00:47:10.625000,2026.6552777777777
195,2021-05-23 13:17:11.628,9290,118,2,0,True,0,car,0 days 00:00:47.131000,0 days 00:47:10.865000,2034.5219444444442
196,2021-05-23 13:17:11.868,8523,103,2,0,True,0,car,0 days 00:00:47.371000,0 days 00:47:11.105000,2041.388611111111
197,2021-05-23 13:17:12.108,7904,96,2,0,True,0,car,0 days 00:00:47.611000,0 days 00:47:11.345000,2047.788611111111
198,2021-05-23 13:17:12.348,7030,86,2,0,True,0,car,0 days 00:00:47.851000,0 days 00:47:11.585000,2053.5219444444447
199,2021-05-23 13:17:12.588,6666,80,2,0,True,0,car,0 days 00:00:48.091000,0 days 00:47:11.825000,2058.8552777777777
200,2021-05-23 13:17:12.828,6418,75,2,0,True,0,car,0 days 00:00:48.331000,0 days 00:47:12.065000,2063.8552777777777
201,2021-05-23 13:17:13.068,5933,74,2,0,True,0,car,0 days 00:00:48.571000,0 days 00:47:12.305000,2068.788611111111
202,2021-05-23 13:17:13.308,5530,67,2,0,True,0,car,0 days 00:00:48.811000,0 days 00:47:12.545000,2073.255277777778
203,2021-05-23 13:17:13.548,5503,65,2,0,False,0,car,0 days 00:00:49.051000,0 days 00:47:12.785000,2077.5886111111113
204,2021-05-23 13:17:13.788,5586,63,2,0,False,0,car,0 days 00:00:49.291000,0 days 00:47:13.025000,2081.788611111111
205,2021-05-23 13:17:13.989,5617,64,2,17,False,0,car,0 days 00:00:49.492000,0 days 00:47:13.226000,2085.3619444444444
206,2021-05-23 13:17:14.229,5581,64,2,30,False,0,car,0 days 00:00:49.732000,0 days 00:47:13.466000,2089.6286111111112
207,2021-05-23 13:17:14.469,6225,69,2,49,False,0,car,0 days 00:00:49.972000,0 days 00:47:13.706000,2094.228611111111
208,2021-05-23 13:17:14.709,6733,75,2,51,False,0,car,0 days 00:00:50.212000,0 days 00:47:13.946000,2099.228611111111
209,2021-05-23 13:17:14.949,7556,85,2,67,False,0,car,0 days 00:00:50.452000,0 days 00:47:14.186000,2104.8952777777777
210,2021-05-23 13:17:15.189,8683,93,2,72,False,0,car,0 days 00:00:50.692000,0 days 00:47:14.426000,2111.0952777777775
211,2021-05-23 13:17:15.429,9648,107,2,78,False,0,car,0 days 00:00:50.932000,0 days 00:47:14.666000,2118.2286111111107
212,2021-05-23 13:17:15.669,10419,116,2,82,False,0,car,0 days 00:00:51.172000,0 days 00:47:14.906000,2125.9619444444443
213,2021-05-23 13:17:15.948,9824,129,2,93,False,0,car,0 days 00:00:51.451000,0 days 00:47:15.185000,2135.959444444444
214,2021-05-23 13:17:16.188,10334,138,3,96,False,0,car,0 days 00:00:51.691000,0 days 00:47:15.425000,2145.1594444444445
215,2021-05-23 13:17:16.428,11288,154,3,100,False,0,car,0 days 00:00:51.931000,0 days 00:47:15.665000,2155.4261111111114
216,2021-05-23 13:17:16.668,12034,163,3,100,False,0,car,0 days 00:00:52.171000,0 days 00:47:15.905000,2166.292777777778
217,2021-05-23 13:17:16.908,11054,172,3,100,False,0,car,0 days 00:00:52.411000,0 days 00:47:16.145000,2177.7594444444444
218,2021-05-23 13:17:17.148,10736,179,4,100,False,0,car,0 days 00:00:52.651000,0 days 00:47:16.385000,2189.692777777778
219,2021-05-23 13:17:17.388,11672,191,4,100,False,0,car,0 days 00:00:52.891000,0 days 00:47:16.625000,2202.4261111111114
220,2021-05-23 13:17:17.628,12099,201,4,100,False,0,car,0 days 00:00:53.131000,0 days 00:47:16.865000,2215.826111111111
221,2021-05-23 13:17:17.868,10699,206,5,100,False,0,car,0 days 00:00:53.371000,0 days 00:47:17.105000,2229.5594444444446
222,2021-05-23 13:17:18.108,11023,212,5,100,False,0,car,0 days 00:00:53.611000,0 days 00:47:17.345000,2243.6927777777782
223,2021-05-23 13:17:18.348,11124,220,5,100,True,0,car,0 days 00:00:53.851000,0 days 00:47:17.585000,2258.359444444445
224,2021-05-23 13:17:18.588,10566,212,5,0,True,0,car,0 days 00:00:54.091000,0 days 00:47:17.825000,2272.4927777777784
225,2021-05-23 13:17:18.828,9956,195,5,0,True,0,car,0 days 00:00:54.331000,0 days 00:47:18.065000,2285.4927777777784
226,2021-05-23 13:17:19.068,9997,170,4,0,True,0,car,0 days 00:00:54.571000,0 days 00:47:18.305000,2296.826111111112
227,2021-05-23 13:17:19.308,10977,162,4,0,True,0,car,0 days 00:00:54.811000,0 days 00:47:18.545000,2307.6261111111116
228,2021-05-23 13:17:19.588,10509,153,3,0,True,0,car,0 days 00:00:55.091000,0 days 00:47:18.825000,2319.5261111111117
229,2021-05-23 13:17:19.828,10318,148,3,21,False,0,car,0 days 00:00:55.331000,0 days 00:47:19.065000,2329.3927777777785
230,2021-05-23 13:17:20.068,10381,145,3,42,False,0,car,0 days 00:00:55.571000,0 days 00:47:19.305000,2339.0594444444455
231,2021-05-23 13:17:20.308,10633,144,3,61,False,0,car,0 days 00:00:55.811000,0 days 00:47:19.545000,2348.6594444444454
232,2021-05-23 13:17:20.509,10822,148,3,76,False,0,car,0 days 00:00:56.012000,0 days 00:47:19.746000,2356.9227777777787
233,2021-05-23 13:17:20.749,11366,156,3,91,False,0,car,0 days 00:00:56.252000,0 days 00:47:19.986000,2367.322777777779
234,2021-05-23 13:17:20.989,12104,156,3,100,False,0,car,0 days 00:00:56.492000,0 days 00:47:20.226000,2377.722777777779
235,2021-05-23 13:17:21.229,11059,175,4,100,False,0,car,0 days 00:00:56.732000,0 days 00:47:20.466000,2389.389444444446
236,2021-05-23 13:17:21.509,11008,182,4,100,False,0,car,0 days 00:00:57.012000,0 days 00:47:20.746000,2403.545000000001
237,2021-05-23 13:17:21.749,11640,192,4,100,False,0,car,0 days 00:00:57.252000,0 days 00:47:20.986000,2416.345000000001
238,2021-05-23 13:17:21.989,11922,198,4,100,False,0,car,0 days 00:00:57.492000,0 days 00:47:21.226000,2429.5450000000014
239,2021-05-23 13:17:22.229,10802,205,5,100,False,0,car,0 days 00:00:57.732000,0 days 00:47:21.466000,2443.2116666666684
240,2021-05-23 13:17:22.468,10901,210,5,99,False,0,car,0 days 00:00:57.971000,0 days 00:47:21.705000,2457.153333333335
241,2021-05-23 13:17:22.708,10850,212,5,70,False,0,car,0 days 00:00:58.211000,0 days 00:47:21.945000,2471.2866666666687
242,2021-05-23 13:17:22.948,10709,211,5,63,False,0,car,0 days 00:00:58.451000,0 days 00:47:22.185000,2485.353333333335
243,2021-05-23 13:17:23.188,10793,209,5,62,False,0,car,0 days 00:00:58.691000,0 days 00:47:22.425000,2499.286666666668
244,2021-05-23 13:17:23.428,10707,209,5,69,False,0,car,0 days 00:00:58.931000,0 days 00:47:22.665000,2513.2200000000016
245,2021-05-23 13:17:23.668,10688,209,5,73,False,0,car,0 days 00:00:59.171000,0 days 00:47:22.905000,2527.153333333335
246,2021-05-23 13:17:23.908,10897,211,5,65,False,0,car,0 days 00:00:59.411000,0 days 00:47:23.145000,2541.220000000001
247,2021-05-23 13:17:24.148,10882,211,5,72,False,0,car,0 days 00:00:59.651000,0 days 00:47:23.385000,2555.2866666666678
248,2021-05-23 13:17:24.388,10414,211,5,0,True,0,car,0 days 00:00:59.891000,0 days 00:47:23.625000,2569.3533333333344
249,2021-05-23 13:17:24.628,9974,194,5,0,True,0,car,0 days 00:01:00.131000,0 days 00:47:23.865000,2582.2866666666673
250,2021-05-23 13:17:24.868,10454,180,5,0,True,0,car,0 days 00:01:00.371000,0 days 00:47:24.105000,2594.2866666666673
251,2021-05-23 13:17:25.108,9977,166,4,0,True,0,car,0 days 00:01:00.611000,0 days 00:47:24.345000,2605.353333333334
252,2021-05-23 13:17:25.348,10078,148,3,0,True,0,car,0 days 00:01:00.851000,0 days 00:47:24.585000,2615.2200000000007
253,2021-05-23 13:17:25.588,9506,139,3,0,True,0,car,0 days 00:01:01.091000,0 days 00:47:24.825000,2624.486666666667
254,2021-05-23 13:17:25.828,9099,137,3,0,True,0,car,0 days 00:01:01.331000,0 days 00:47:25.065000,2633.6200000000003
255,2021-05-23 13:17:26.068,8802,128,3,0,True,0,car,0 days 00:01:01.571000,0 days 00:47:25.305000,2642.1533333333336
256,2021-05-23 13:17:26.308,8477,125,3,0,False,0,car,0 days 00:01:01.811000,0 days 00:47:25.545000,2650.486666666667
257,2021-05-23 13:17:26.548,8364,120,3,12,False,0,car,0 days 00:01:02.051000,0 days 00:47:25.785000,2658.486666666667
258,2021-05-23 13:17:26.788,8126,117,3,5,False,0,car,0 days 00:01:02.291000,0 days 00:47:26.025000,2666.2866666666673
259,2021-05-23 13:17:26.989,7971,116,3,0,True,0,car,0 days 00:01:02.492000,0 days 00:47:26.226000,2672.763333333334
260,2021-05-23 13:17:27.229,7861,114,3,6,False,0,car,0 days 00:01:02.732000,0 days 00:47:26.466000,2680.3633333333337
261,2021-05-23 13:17:27.469,8017,110,3,24,False,0,car,0 days 00:01:02.972000,0 days 00:47:26.706000,2687.6966666666667
262,2021-05-23 13:17:27.709,8112,109,3,49,False,0,car,0 days 00:01:03.212000,0 days 00:47:26.946000,2694.9633333333336
263,2021-05-23 13:17:27.949,8286,116,3,59,False,0,car,0 days 00:01:03.452000,0 days 00:47:27.186000,2702.696666666667
264,2021-05-23 13:17:28.189,8869,121,3,71,False,0,car,0 days 00:01:03.692000,0 days 00:47:27.426000,2710.763333333334
265,2021-05-23 13:17:28.429,9864,132,3,92,False,0,car,0 days 00:01:03.932000,0 days 00:47:27.666000,2719.5633333333335
266,2021-05-23 13:17:28.669,10674,137,3,100,False,0,car,0 days 00:01:04.172000,0 days 00:47:27.906000,2728.6966666666667
267,2021-05-23 13:17:28.909,11296,152,3,100,False,0,car,0 days 00:01:04.412000,0 days 00:47:28.146000,2738.8300000000004
268,2021-05-23 13:17:29.149,11502,166,3,100,False,0,car,0 days 00:01:04.652000,0 days 00:47:28.386000,2749.896666666667
269,2021-05-23 13:17:29.388,10646,170,4,100,False,0,car,0 days 00:01:04.891000,0 days 00:47:28.625000,2761.1827777777785
270,2021-05-23 13:17:29.628,10878,183,4,0,True,0,car,0 days 00:01:05.131000,0 days 00:47:28.865000,2773.3827777777783
271,2021-05-23 13:17:29.868,10238,175,4,0,True,0,car,0 days 00:01:05.371000,0 days 00:47:29.105000,2785.0494444444453
272,2021-05-23 13:17:30.108,9325,165,4,0,True,0,car,0 days 00:01:05.611000,0 days 00:47:29.345000,2796.049444444445
273,2021-05-23 13:17:30.348,9532,159,4,0,True,0,car,0 days 00:01:05.851000,0 days 00:47:29.585000,2806.6494444444447
274,2021-05-23 13:17:30.588,9759,159,3,0,True,0,car,0 days 00:01:06.091000,0 days 00:47:29.825000,2817.249444444445
275,2021-05-23 13:17:30.828,9828,131,3,0,True,0,car,0 days 00:01:06.331000,0 days 00:47:30.065000,2825.982777777778
276,2021-05-23 13:17:31.068,9422,114,2,0,True,0,car,0 days 00:01:06.571000,0 days 00:47:30.305000,2833.582777777778
277,2021-05-23 13:17:31.308,7742,102,2,0,True,0,car,0 days 00:01:06.811000,0 days 00:47:30.545000,2840.3827777777783
278,2021-05-23 13:17:31.548,7048,88,2,0,True,0,car,0 days 00:01:07.051000,0 days 00:47:30.785000,2846.2494444444446
279,2021-05-23 13:17:31.788,6601,79,2,0,True,0,car,0 days 00:01:07.291000,0 days 00:47:31.025000,2851.5161111111115
280,2021-05-23 13:17:32.028,6041,72,2,0,True,0,car,0 days 00:01:07.531000,0 days 00:47:31.265000,2856.3161111111112
281,2021-05-23 13:17:32.268,5556,69,2,0,True,0,car,0 days 00:01:07.771000,0 days 00:47:31.505000,2860.916111111111
282,2021-05-23 13:17:32.508,5402,69,2,0,False,0,car,0 days 00:01:08.011000,0 days 00:47:31.745000,2865.5161111111115
283,2021-05-23 13:17:32.748,5136,63,2,0,False,0,car,0 days 00:01:08.251000,0 days 00:47:31.985000,2869.7161111111113
284,2021-05-23 13:17:32.988,5034,61,2,0,False,0,car,0 days 00:01:08.491000,0 days 00:47:32.225000,2873.782777777778
285,2021-05-23 13:17:33.228,5264,57,2,11,False,0,car,0 days 00:01:08.731000,0 days 00:47:32.465000,2877.582777777778
286,2021-05-23 13:17:33.468,5559,57,2,24,False,0,car,0 days 00:01:08.971000,0 days 00:47:32.705000,2881.382777777778
287,2021-05-23 13:17:33.669,5586,61,2,28,False,0,car,0 days 00:01:09.172000,0 days 00:47:32.906000,2884.788611111111
288,2021-05-23 13:17:33.909,6151,63,2,41,False,0,car,0 days 00:01:09.412000,0 days 00:47:33.146000,2888.988611111111
289,2021-05-23 13:17:34.149,6361,69,2,49,False,0,car,0 days 00:01:09.652000,0 days 00:47:33.386000,2893.588611111111
290,2021-05-23 13:17:34.389,6949,75,2,56,False,0,car,0 days 00:01:09.892000,0 days 00:47:33.626000,2898.588611111111
291,2021-05-23 13:17:34.629,7642,85,2,62,False,0,car,0 days 00:01:10.132000,0 days 00:47:33.866000,2904.2552777777773
292,2021-05-23 13:17:34.869,8296,92,2,65,False,0,car,0 days 00:01:10.372000,0 days 00:47:34.106000,2910.3886111111105
293,2021-05-23 13:17:35.109,9143,99,2,70,False,0,car,0 days 00:01:10.612000,0 days 00:47:34.346000,2916.988611111111
294,2021-05-23 13:17:35.349,8913,104,2,0,True,0,car,0 days 00:01:10.852000,0 days 00:47:34.586000,2923.9219444444443
295,2021-05-23 13:17:35.589,8155,98,2,0,True,0,car,0 days 00:01:11.092000,0 days 00:47:34.826000,2930.4552777777776
296,2021-05-23 13:17:35.829,7426,89,2,0,True,0,car,0 days 00:01:11.332000,0 days 00:47:35.066000,2936.388611111111
297,2021-05-23 13:17:36.068,7202,86,2,0,True,0,car,0 days 00:01:11.571000,0 days 00:47:35.305000,2942.098055555555
298,2021-05-23 13:17:36.308,6873,83,2,0,True,0,car,0 days 00:01:11.811000,0 days 00:47:35.545000,2947.631388888889
299,2021-05-23 13:17:36.548,6450,79,2,0,False,0,car,0 days 00:01:12.051000,0 days 00:47:35.785000,2952.8980555555554
300,2021-05-23 13:17:36.788,6479,76,2,3,False,0,car,0 days 00:01:12.291000,0 days 00:47:36.025000,2957.9647222222225
301,2021-05-23 13:17:37.028,6656,73,2,23,False,0,car,0 days 00:01:12.531000,0 days 00:47:36.265000,2962.8313888888893
302,2021-05-23 13:17:37.268,6911,76,2,39,False,0,car,0 days 00:01:12.771000,0 days 00:47:36.505000,2967.898055555556
303,2021-05-23 13:17:37.508,7800,81,2,57,False,0,car,0 days 00:01:13.011000,0 days 00:47:36.745000,2973.298055555556
304,2021-05-23 13:17:37.748,8591,91,2,72,False,0,car,0 days 00:01:13.251000,0 days 00:47:36.985000,2979.3647222222226
305,2021-05-23 13:17:37.988,9000,95,2,79,False,0,car,0 days 00:01:13.491000,0 days 00:47:37.225000,2985.6980555555556
306,2021-05-23 13:17:38.228,9420,109,2,84,False,0,car,0 days 00:01:13.731000,0 days 00:47:37.465000,2992.9647222222225
307,2021-05-23 13:17:38.468,11100,118,2,91,False,0,car,0 days 00:01:13.971000,0 days 00:47:37.705000,3000.831388888889
308,2021-05-23 13:17:38.708,10820,128,2,100,False,0,car,0 days 00:01:14.211000,0 days 00:47:37.945000,3009.364722222222
309,2021-05-23 13:17:38.948,10852,148,3,100,False,0,car,0 days 00:01:14.451000,0 days 00:47:38.185000,3019.2313888888893
310,2021-05-23 13:17:39.228,11773,162,3,100,False,0,car,0 days 00:01:14.731000,0 days 00:47:38.465000,3031.8313888888893
311,2021-05-23 13:17:39.468,10373,171,3,100,False,0,car,0 days 00:01:14.971000,0 days 00:47:38.705000,3043.231388888889
312,2021-05-23 13:17:39.708,11049,178,4,100,False,0,car,0 days 00:01:15.211000,0 days 00:47:38.945000,3055.098055555555
313,2021-05-23 13:17:39.948,11477,182,4,100,False,0,car,0 days 00:01:15.451000,0 days 00:47:39.185000,3067.231388888889
314,2021-05-23 13:17:40.149,11850,197,4,100,False,0,car,0 days 00:01:15.652000,0 days 00:47:39.386000,3078.2305555555554
315,2021-05-23 13:17:40.389,10573,202,4,100,False,0,car,0 days 00:01:15.892000,0 days 00:47:39.626000,3091.6972222222225
316,2021-05-23 13:17:40.629,10832,211,5,100,False,0,car,0 days 00:01:16.132000,0 days 00:47:39.866000,3105.7638888888887
317,2021-05-23 13:17:40.909,11206,213,5,100,False,0,car,0 days 00:01:16.412000,0 days 00:47:40.146000,3122.3305555555553
318,2021-05-23 13:17:41.149,11495,221,5,100,False,0,car,0 days 00:01:16.652000,0 days 00:47:40.386000,3137.0638888888884
319,2021-05-23 13:17:41.389,11779,226,5,100,False,0,car,0 days 00:01:16.892000,0 days 00:47:40.626000,3152.1305555555555
320,2021-05-23 13:17:41.629,11950,226,5,100,False,0,car,0 days 00:01:17.132000,0 days 00:47:40.866000,3167.1972222222216
321,2021-05-23 13:17:41.869,11250,236,5,100,False,0,car,0 days 00:01:17.372000,0 days 00:47:41.106000,3182.9305555555547
322,2021-05-23 13:17:42.109,10646,240,6,100,False,0,car,0 days 00:01:17.612000,0 days 00:47:41.346000,3198.930555555555
323,2021-05-23 13:17:42.349,10786,243,6,100,False,0,car,0 days 00:01:17.852000,0 days 00:47:41.586000,3215.130555555555
324,2021-05-23 13:17:42.588,11005,247,6,100,False,0,car,0 days 00:01:18.091000,0 days 00:47:41.825000,3231.528611111111
325,2021-05-23 13:17:42.828,11137,253,6,100,False,0,car,0 days 00:01:18.331000,0 days 00:47:42.065000,3248.395277777777
326,2021-05-23 13:17:43.068,11301,253,6,100,False,0,car,0 days 00:01:18.571000,0 days 00:47:42.305000,3265.2619444444435
